sensor_id,zona_id,tipo_sensor_id,estado_sensor_id,codigo_externo,latitud,longitud,fecha_instalacion,fecha_ultimo_mantenimiento,observaciones
1,11,1,1,SEN-BOG-00001,4.749926,-74.081556,2020-07-04,,
2,20,4,1,SEN-BOG-00002,4.198327,-74.373952,2020-07-27,2020-09-04,
3,20,1,1,SEN-BOG-00003,4.230309,-74.342357,2021-06-27,2022-03-07,
4,20,3,1,SEN-BOG-00004,4.232411,-74.36193,2020-03-31,2020-08-05,
5,5,1,1,SEN-BOG-00005,4.459473,-74.148646,2021-03-17,2021-08-26,
6,5,3,2,SEN-BOG-00006,4.497865,-74.131783,2018-06-15,2018-10-07,
7,2,4,1,SEN-BOG-00007,4.642745,-74.074587,2018-06-27,2019-05-10,
8,20,1,1,SEN-BOG-00008,4.194876,-74.366253,2021-04-24,2022-03-25,
9,20,2,1,SEN-BOG-00009,4.227087,-74.354924,2021-05-31,,
10,20,2,1,SEN-BOG-00010,4.194151,-74.346795,2021-04-27,2021-12-04,
11,1,2,1,SEN-BOG-00011,4.682025,-74.037165,2020-02-28,,
12,20,2,1,SEN-BOG-00012,4.222056,-74.355102,2021-01-10,2021-03-31,
13,20,2,1,SEN-BOG-00013,4.220906,-74.345141,2020-05-12,,
14,5,2,1,SEN-BOG-00014,4.476365,-74.114799,2022-05-24,,
15,5,1,1,SEN-BOG-00015,4.461035,-74.148845,2018-09-07,2019-04-08,
16,5,2,3,SEN-BOG-00016,4.474466,-74.119027,2022-05-06,,
17,9,1,1,SEN-BOG-00017,4.654635,-74.159243,2018-08-07,2019-01-16,
18,20,1,1,SEN-BOG-00018,4.211431,-74.368747,2019-07-05,,
19,18,2,1,SEN-BOG-00019,4.559246,-74.105489,2022-05-19,,
20,8,3,1,SEN-BOG-00020,4.618075,-74.151752,2020-07-17,2020-10-10,
21,20,1,1,SEN-BOG-00021,4.212381,-74.35227,2021-07-06,,
22,5,3,1,SEN-BOG-00022,4.46391,-74.148675,2021-07-08,2022-05-07,
23,8,1,1,SEN-BOG-00023,4.624896,-74.162695,2021-03-08,,
24,11,1,1,SEN-BOG-00024,4.744559,-74.069372,2021-01-15,2021-09-13,
25,19,2,1,SEN-BOG-00025,4.507959,-74.165796,2021-11-20,2022-01-22,
26,20,2,1,SEN-BOG-00026,4.21531,-74.353539,2020-10-31,2021-09-07,
27,5,2,1,SEN-BOG-00027,4.482302,-74.144226,2018-09-04,,
28,19,1,1,SEN-BOG-00028,4.493071,-74.173886,2020-03-15,,
29,20,3,1,SEN-BOG-00029,4.225235,-74.374774,2021-01-09,2021-03-15,
30,2,2,1,SEN-BOG-00030,4.664613,-74.043889,2020-09-28,2021-01-29,
31,20,4,1,SEN-BOG-00031,4.199836,-74.350254,2018-08-20,2019-03-10,
32,5,1,1,SEN-BOG-00032,4.48878,-74.146518,2021-11-23,2022-05-11,
33,3,1,1,SEN-BOG-00033,4.581117,-74.069414,2022-02-17,2023-02-14,
34,20,1,1,SEN-BOG-00034,4.214304,-74.374927,2022-01-15,,
35,20,1,1,SEN-BOG-00035,4.220383,-74.373485,2020-05-20,2020-07-26,
36,20,4,1,SEN-BOG-00036,4.209474,-74.363045,2021-11-12,2022-04-27,
37,9,4,1,SEN-BOG-00037,4.6612,-74.150831,2018-02-21,2019-02-13,
38,4,3,1,SEN-BOG-00038,4.578008,-74.079551,2019-04-04,2019-07-20,
39,20,3,1,SEN-BOG-00039,4.213923,-74.362647,2021-09-13,2022-01-24,
40,19,1,1,SEN-BOG-00040,4.504078,-74.161493,2022-02-13,2022-08-06,
41,4,2,1,SEN-BOG-00041,4.580873,-74.094215,2019-08-08,,
42,19,1,1,SEN-BOG-00042,4.526593,-74.154892,2019-09-01,2020-07-15,
43,1,3,1,SEN-BOG-00043,4.702781,-74.015433,2019-06-11,2020-04-24,
44,20,3,1,SEN-BOG-00044,4.194341,-74.354204,2020-02-22,,
45,6,2,1,SEN-BOG-00045,4.573459,-74.135847,2022-06-21,2023-04-07,
46,20,3,1,SEN-BOG-00046,4.212454,-74.360642,2020-10-17,2021-09-03,
47,9,3,2,SEN-BOG-00047,4.681647,-74.142039,2020-02-15,2020-10-01,
48,19,2,1,SEN-BOG-00048,4.505944,-74.168483,2018-01-08,2018-05-28,
49,20,1,1,SEN-BOG-00049,4.222044,-74.353281,2019-05-06,2020-04-27,
50,5,1,1,SEN-BOG-00050,4.484055,-74.12315,2022-05-16,2023-04-06,
51,20,1,1,SEN-BOG-00051,4.226618,-74.340573,2018-10-05,2019-05-04,
52,20,1,1,SEN-BOG-00052,4.2265,-74.363714,2020-09-13,2021-08-17,
53,20,1,1,SEN-BOG-00053,4.206408,-74.344886,2020-12-08,2021-04-06,
54,20,1,1,SEN-BOG-00054,4.229794,-74.363146,2018-04-05,2019-01-10,
55,20,2,1,SEN-BOG-00055,4.198634,-74.369945,2019-04-08,2019-07-09,
56,20,1,1,SEN-BOG-00056,4.204103,-74.368196,2020-03-09,2020-10-01,
57,3,2,1,SEN-BOG-00057,4.598816,-74.059414,2021-08-13,2022-01-30,
58,5,3,1,SEN-BOG-00058,4.473893,-74.136928,2020-09-04,,
59,2,2,1,SEN-BOG-00059,4.626185,-74.06087,2020-11-23,2021-07-04,
60,10,2,1,SEN-BOG-00060,4.703378,-74.112756,2018-12-26,2019-06-04,
61,11,2,1,SEN-BOG-00061,4.736932,-74.09217,2022-04-10,2023-02-21,
62,7,1,1,SEN-BOG-00062,4.636639,-74.190643,2021-04-19,2022-04-11,
63,20,1,1,SEN-BOG-00063,4.197164,-74.345003,2019-10-03,2020-08-18,
64,11,3,1,SEN-BOG-00064,4.731727,-74.074109,2021-04-10,2021-11-07,
65,8,3,1,SEN-BOG-00065,4.615199,-74.172274,2020-05-22,2020-09-13,
66,20,2,1,SEN-BOG-00066,4.194061,-74.369743,2021-02-07,2021-09-21,
67,5,1,1,SEN-BOG-00067,4.471673,-74.143623,2021-06-05,2022-04-23,
68,20,2,1,SEN-BOG-00068,4.209376,-74.354918,2018-05-04,2019-03-09,
69,3,4,1,SEN-BOG-00069,4.581094,-74.071208,2020-06-30,2020-11-21,
70,20,3,1,SEN-BOG-00070,4.213498,-74.347333,2019-02-27,,
71,20,2,1,SEN-BOG-00071,4.226397,-74.337624,2020-04-22,,
72,5,2,1,SEN-BOG-00072,4.494572,-74.14929,2019-08-30,2019-12-13,
73,1,1,1,SEN-BOG-00073,4.6897,-74.050749,2020-09-28,2021-02-02,
74,20,1,1,SEN-BOG-00074,4.217021,-74.350399,2019-12-27,2020-08-02,
75,20,1,1,SEN-BOG-00075,4.213757,-74.375121,2020-04-08,,
76,20,3,1,SEN-BOG-00076,4.223839,-74.37427,2020-08-29,2021-07-19,
77,20,1,2,SEN-BOG-00077,4.217416,-74.339028,2021-05-26,2022-04-09,
78,3,1,1,SEN-BOG-00078,4.58732,-74.072245,2019-11-21,2020-07-08,
79,11,1,1,SEN-BOG-00079,4.752836,-74.098736,2019-02-11,2019-06-24,
80,4,3,1,SEN-BOG-00080,4.562283,-74.099715,2022-01-15,2022-05-26,
81,20,1,1,SEN-BOG-00081,4.216609,-74.362561,2019-11-22,2020-02-16,
82,20,2,1,SEN-BOG-00082,4.21084,-74.369595,2020-09-13,2021-04-28,
83,10,2,1,SEN-BOG-00083,4.721223,-74.095865,2021-03-04,2021-05-19,
84,2,4,1,SEN-BOG-00084,4.62649,-74.056222,2019-06-22,2020-04-16,
85,9,1,1,SEN-BOG-00085,4.657821,-74.136759,2020-03-31,2020-07-20,
86,10,2,1,SEN-BOG-00086,4.711803,-74.129805,2020-10-29,,
87,20,1,1,SEN-BOG-00087,4.216851,-74.3678,2020-04-22,2020-11-20,
88,20,3,1,SEN-BOG-00088,4.209179,-74.354103,2019-10-28,2020-06-23,
89,20,3,1,SEN-BOG-00089,4.213807,-74.359927,2020-06-27,2021-04-03,
90,19,4,1,SEN-BOG-00090,4.523988,-74.158843,2019-08-08,,
91,4,1,1,SEN-BOG-00091,4.546997,-74.106029,2021-10-07,2022-07-02,
92,20,1,1,SEN-BOG-00092,4.208931,-74.373332,2020-12-06,,
93,20,1,1,SEN-BOG-00093,4.197419,-74.362815,2021-09-16,,
94,20,2,1,SEN-BOG-00094,4.193715,-74.337491,2018-10-07,,
95,20,1,1,SEN-BOG-00095,4.231257,-74.34508,2020-04-20,2021-03-17,
96,19,4,1,SEN-BOG-00096,4.513032,-74.143851,2020-05-25,,
97,20,2,1,SEN-BOG-00097,4.230709,-74.351014,2018-10-21,,
98,16,4,1,SEN-BOG-00098,4.616364,-74.127531,2018-04-17,,
99,1,4,4,SEN-BOG-00099,4.720207,-74.015838,2018-02-20,,
100,4,4,1,SEN-BOG-00100,4.5655,-74.089924,2020-05-16,,
101,1,2,1,SEN-BOG-00101,4.702922,-74.027471,2018-01-07,2018-06-08,
102,20,4,1,SEN-BOG-00102,4.198181,-74.34145,2021-01-31,2021-03-26,
103,9,2,1,SEN-BOG-00103,4.675034,-74.162521,2021-08-12,2022-03-05,
104,19,1,1,SEN-BOG-00104,4.508835,-74.176758,2019-11-06,2020-01-14,
105,20,4,1,SEN-BOG-00105,4.228316,-74.356357,2019-08-07,2020-04-29,
106,5,3,1,SEN-BOG-00106,4.487356,-74.13315,2020-12-12,2021-06-28,
107,13,4,1,SEN-BOG-00107,4.64436,-74.095452,2021-05-10,,
108,20,2,1,SEN-BOG-00108,4.228265,-74.338547,2021-05-06,,
109,5,1,1,SEN-BOG-00109,4.471405,-74.12426,2020-11-24,2021-10-14,
110,3,1,1,SEN-BOG-00110,4.584249,-74.090475,2021-07-11,,
111,8,3,1,SEN-BOG-00111,4.63236,-74.162401,2021-05-18,,
112,5,1,1,SEN-BOG-00112,4.47529,-74.120395,2022-05-30,,
113,20,1,1,SEN-BOG-00113,4.230489,-74.349485,2019-08-30,2020-04-08,
114,20,3,4,SEN-BOG-00114,4.195317,-74.374012,2020-08-18,2021-02-27,
115,20,1,1,SEN-BOG-00115,4.218903,-74.353224,2019-08-14,2019-11-30,
116,20,1,1,SEN-BOG-00116,4.225751,-74.3669,2020-06-28,2020-11-03,
117,20,3,1,SEN-BOG-00117,4.211055,-74.370455,2020-02-03,2020-08-25,
118,5,1,2,SEN-BOG-00118,4.48522,-74.12782,2020-06-18,,
119,20,3,3,SEN-BOG-00119,4.222251,-74.340619,2018-06-20,2019-04-02,
120,20,3,1,SEN-BOG-00120,4.20583,-74.348023,2019-10-01,2019-11-11,
121,20,2,1,SEN-BOG-00121,4.21551,-74.358139,2019-10-25,2020-09-27,
122,20,2,1,SEN-BOG-00122,4.199146,-74.358852,2021-07-22,,
123,9,2,1,SEN-BOG-00123,4.654301,-74.129166,2019-04-16,,
124,4,1,1,SEN-BOG-00124,4.568823,-74.085279,2019-09-23,,
125,5,2,1,SEN-BOG-00125,4.484061,-74.140963,2019-07-14,2019-10-23,
126,16,1,3,SEN-BOG-00126,4.619584,-74.101782,2022-01-21,,
127,20,3,1,SEN-BOG-00127,4.220799,-74.342595,2021-12-04,2022-02-12,
128,20,1,1,SEN-BOG-00128,4.202682,-74.337533,2019-06-22,,
129,1,4,1,SEN-BOG-00129,4.695284,-74.020157,2021-11-23,,
130,19,1,1,SEN-BOG-00130,4.503025,-74.178672,2021-12-24,2022-04-22,
131,15,1,1,SEN-BOG-00131,4.601579,-74.095977,2018-11-15,2019-10-27,
132,5,4,1,SEN-BOG-00132,4.486259,-74.152737,2018-07-27,,
133,4,2,1,SEN-BOG-00133,4.582298,-74.071677,2022-03-17,2022-04-22,
134,10,2,1,SEN-BOG-00134,4.708433,-74.10988,2020-01-23,2020-12-14,
135,20,3,1,SEN-BOG-00135,4.19956,-74.359456,2018-04-10,,
136,10,4,1,SEN-BOG-00136,4.716871,-74.123231,2021-08-31,2022-08-02,
137,19,3,1,SEN-BOG-00137,4.495467,-74.179166,2021-08-28,2022-02-04,
138,20,1,1,SEN-BOG-00138,4.196261,-74.36087,2019-02-21,,
139,11,3,1,SEN-BOG-00139,4.740505,-74.068269,2021-05-28,2022-02-01,
140,20,1,1,SEN-BOG-00140,4.207842,-74.337494,2020-11-05,2021-08-11,
141,20,3,1,SEN-BOG-00141,4.22201,-74.357533,2021-09-14,,
142,5,1,1,SEN-BOG-00142,4.481694,-74.117505,2018-03-13,2018-11-22,
143,19,4,1,SEN-BOG-00143,4.494263,-74.151367,2019-12-09,2020-01-09,
144,9,2,1,SEN-BOG-00144,4.660239,-74.131825,2021-06-20,2022-03-07,
145,8,1,1,SEN-BOG-00145,4.621369,-74.160282,2022-06-08,,
146,1,3,1,SEN-BOG-00146,4.707712,-74.038181,2021-09-08,,
147,20,2,1,SEN-BOG-00147,4.202387,-74.341652,2018-01-19,2018-11-01,
148,19,4,1,SEN-BOG-00148,4.506977,-74.156485,2020-02-01,,
149,2,3,1,SEN-BOG-00149,4.62619,-74.050297,2018-05-07,2019-04-13,
150,8,1,1,SEN-BOG-00150,4.630414,-74.149269,2021-08-06,,
151,20,1,1,SEN-BOG-00151,4.214247,-74.339536,2021-12-20,,
152,5,2,1,SEN-BOG-00152,4.461542,-74.149868,2021-10-03,2022-06-05,
153,5,1,3,SEN-BOG-00153,4.485439,-74.153305,2019-08-08,2020-03-02,
154,19,1,1,SEN-BOG-00154,4.502706,-74.15871,2021-09-01,2022-05-22,
155,20,1,1,SEN-BOG-00155,4.222316,-74.370505,2020-09-05,2020-10-09,
156,5,3,3,SEN-BOG-00156,4.496534,-74.143788,2021-05-05,2021-09-25,
157,20,3,1,SEN-BOG-00157,4.202766,-74.343765,2019-10-23,2020-09-18,
158,20,4,1,SEN-BOG-00158,4.229747,-74.352976,2018-11-16,2019-03-15,
159,5,2,1,SEN-BOG-00159,4.471943,-74.147629,2019-04-08,2019-10-30,
160,20,1,1,SEN-BOG-00160,4.223097,-74.373381,2018-01-14,2018-06-24,
161,11,3,1,SEN-BOG-00161,4.748704,-74.070686,2020-03-07,2020-08-12,
162,20,1,1,SEN-BOG-00162,4.197808,-74.35522,2019-07-02,2019-12-21,
163,20,2,1,SEN-BOG-00163,4.220819,-74.361458,2018-05-07,2018-09-15,
164,20,3,1,SEN-BOG-00164,4.195928,-74.352862,2019-12-07,2020-03-30,
165,3,2,1,SEN-BOG-00165,4.611057,-74.073076,2019-04-15,,
166,20,1,1,SEN-BOG-00166,4.19896,-74.355935,2022-05-24,2023-05-14,
167,10,2,1,SEN-BOG-00167,4.711875,-74.10338,2020-10-25,,
168,5,1,2,SEN-BOG-00168,4.483899,-74.118079,2021-08-16,2022-06-16,
169,2,1,1,SEN-BOG-00169,4.62878,-74.060318,2018-03-26,2018-09-27,
170,20,2,1,SEN-BOG-00170,4.214566,-74.364548,2020-11-24,2021-09-12,
171,20,2,1,SEN-BOG-00171,4.220245,-74.369742,2021-08-28,2022-07-21,
172,1,1,1,SEN-BOG-00172,4.718153,-74.034208,2019-03-28,,
173,19,2,1,SEN-BOG-00173,4.514326,-74.141944,2020-07-10,2020-09-03,
174,5,2,1,SEN-BOG-00174,4.466482,-74.129561,2020-11-29,2021-02-15,
175,20,1,1,SEN-BOG-00175,4.202475,-74.345779,2019-07-18,2020-01-09,
176,5,2,1,SEN-BOG-00176,4.488666,-74.148012,2018-03-04,2018-11-14,
177,20,1,1,SEN-BOG-00177,4.211916,-74.355586,2021-05-13,2021-11-18,
178,11,2,1,SEN-BOG-00178,4.747518,-74.092725,2019-12-28,2020-11-12,
179,20,2,1,SEN-BOG-00179,4.216882,-74.349966,2021-04-03,2021-11-06,
180,5,1,1,SEN-BOG-00180,4.490748,-74.129871,2020-10-23,,
181,10,1,1,SEN-BOG-00181,4.685426,-74.096232,2019-07-08,2020-02-18,
182,4,3,1,SEN-BOG-00182,4.562586,-74.076296,2022-01-27,2022-10-13,
183,20,1,1,SEN-BOG-00183,4.216712,-74.349795,2021-07-29,2022-03-30,
184,20,4,1,SEN-BOG-00184,4.208139,-74.362482,2022-03-12,,
185,6,1,1,SEN-BOG-00185,4.574492,-74.112695,2019-09-23,,
186,20,3,1,SEN-BOG-00186,4.209379,-74.360092,2018-08-12,2018-09-13,
187,20,1,1,SEN-BOG-00187,4.230087,-74.367614,2018-04-17,2019-01-19,
188,20,2,1,SEN-BOG-00188,4.214598,-74.343319,2019-11-01,2020-09-13,
189,20,3,1,SEN-BOG-00189,4.198109,-74.343957,2021-03-12,,
190,5,1,1,SEN-BOG-00190,4.471667,-74.138764,2021-04-13,2021-11-08,
191,4,3,1,SEN-BOG-00191,4.556078,-74.071876,2021-05-26,2022-05-06,
192,20,4,1,SEN-BOG-00192,4.227057,-74.36866,2020-11-19,2021-05-25,
193,20,3,1,SEN-BOG-00193,4.228119,-74.342278,2019-12-01,2020-06-10,
194,20,1,3,SEN-BOG-00194,4.199941,-74.349202,2021-10-13,2022-08-19,
195,10,2,1,SEN-BOG-00195,4.701174,-74.119451,2021-08-04,2021-09-27,
196,11,2,1,SEN-BOG-00196,4.748652,-74.09813,2019-06-29,2019-08-09,
197,20,1,1,SEN-BOG-00197,4.231633,-74.3597,2019-10-21,,
198,20,2,1,SEN-BOG-00198,4.218633,-74.368358,2021-03-26,2021-04-29,
199,20,1,4,SEN-BOG-00199,4.22423,-74.358608,2019-01-06,2019-04-28,
200,20,3,1,SEN-BOG-00200,4.199827,-74.374015,2021-10-16,2022-07-24,
201,20,1,1,SEN-BOG-00201,4.217722,-74.351672,2018-09-01,2019-08-04,
202,3,3,1,SEN-BOG-00202,4.602753,-74.059918,2018-02-19,2018-03-27,
203,5,1,1,SEN-BOG-00203,4.47902,-74.134735,2021-02-11,,
204,20,3,1,SEN-BOG-00204,4.198352,-74.360257,2018-06-02,,
205,20,1,1,SEN-BOG-00205,4.214412,-74.368392,2019-02-15,,
206,1,1,1,SEN-BOG-00206,4.684028,-74.049484,2021-06-06,2022-05-09,
207,4,1,1,SEN-BOG-00207,4.555531,-74.103601,2020-10-20,2021-07-08,
208,20,3,1,SEN-BOG-00208,4.225427,-74.352437,2020-12-29,2021-05-12,
209,1,4,1,SEN-BOG-00209,4.685529,-74.024841,2018-03-05,,
210,5,4,1,SEN-BOG-00210,4.491635,-74.152463,2020-07-21,2021-05-10,
211,20,2,1,SEN-BOG-00211,4.228805,-74.351533,2020-03-02,2020-06-08,
212,20,3,1,SEN-BOG-00212,4.222497,-74.356511,2018-04-29,2018-09-14,
213,20,1,1,SEN-BOG-00213,4.225085,-74.372785,2021-11-16,2022-07-31,
214,5,3,1,SEN-BOG-00214,4.471988,-74.123014,2018-05-13,2019-02-27,
215,20,1,1,SEN-BOG-00215,4.219412,-74.346425,2019-10-18,2020-06-26,
216,5,4,1,SEN-BOG-00216,4.489299,-74.144886,2019-11-16,,
217,10,2,1,SEN-BOG-00217,4.706601,-74.101015,2021-12-28,2022-10-19,
218,20,4,1,SEN-BOG-00218,4.224949,-74.365287,2022-01-27,2022-12-10,
219,20,1,1,SEN-BOG-00219,4.21766,-74.370734,2018-08-10,,
220,20,2,1,SEN-BOG-00220,4.207887,-74.359717,2020-05-07,,
221,20,2,1,SEN-BOG-00221,4.230133,-74.349961,2022-03-06,2022-08-01,
222,20,2,1,SEN-BOG-00222,4.228171,-74.366663,2019-09-18,2020-08-14,
223,4,3,1,SEN-BOG-00223,4.57403,-74.078513,2020-11-15,2021-01-05,
224,11,1,1,SEN-BOG-00224,4.743582,-74.073882,2021-04-26,2021-08-28,
225,7,1,1,SEN-BOG-00225,4.627536,-74.210973,2021-05-11,2021-12-10,
226,5,1,1,SEN-BOG-00226,4.482478,-74.149763,2022-03-20,2022-08-24,
227,20,2,1,SEN-BOG-00227,4.210352,-74.370566,2018-12-29,2019-05-11,
228,11,3,1,SEN-BOG-00228,4.729758,-74.067807,2018-08-07,2019-04-24,
229,20,1,1,SEN-BOG-00229,4.217599,-74.349485,2019-12-17,,
230,20,3,1,SEN-BOG-00230,4.22344,-74.375588,2018-07-25,2018-09-12,
231,20,1,1,SEN-BOG-00231,4.206077,-74.371044,2019-06-07,,
232,19,3,1,SEN-BOG-00232,4.504415,-74.154265,2019-04-15,2020-03-19,
233,20,2,1,SEN-BOG-00233,4.220825,-74.376871,2019-07-21,2020-05-18,
234,19,2,1,SEN-BOG-00234,4.512528,-74.160761,2021-08-04,,
235,5,2,1,SEN-BOG-00235,4.486118,-74.151888,2022-01-28,,
236,20,1,1,SEN-BOG-00236,4.205884,-74.35154,2019-07-02,2019-11-25,
237,8,2,1,SEN-BOG-00237,4.638545,-74.163309,2022-01-04,2022-06-28,
238,1,3,1,SEN-BOG-00238,4.6963,-74.048687,2019-09-20,,
239,20,2,1,SEN-BOG-00239,4.199939,-74.351498,2021-06-02,2021-09-17,
240,5,4,1,SEN-BOG-00240,4.487889,-74.124401,2021-02-21,2021-05-11,
241,20,2,1,SEN-BOG-00241,4.199612,-74.34899,2020-07-26,2020-10-14,
242,20,2,1,SEN-BOG-00242,4.230627,-74.366628,2018-10-02,2018-12-19,
243,20,3,1,SEN-BOG-00243,4.210407,-74.339506,2020-10-06,2021-03-13,
244,11,1,1,SEN-BOG-00244,4.753209,-74.102719,2018-09-17,,
245,1,4,1,SEN-BOG-00245,4.711498,-74.024911,2020-02-11,,
246,20,1,1,SEN-BOG-00246,4.194452,-74.365971,2020-01-12,,
247,16,3,1,SEN-BOG-00247,4.631376,-74.11101,2019-01-31,,
248,20,1,1,SEN-BOG-00248,4.195506,-74.340743,2018-04-15,,
249,20,2,1,SEN-BOG-00249,4.202471,-74.347702,2019-12-05,2020-06-05,
250,20,3,3,SEN-BOG-00250,4.209752,-74.366594,2019-06-26,,
251,8,1,1,SEN-BOG-00251,4.636006,-74.176352,2020-03-05,2020-09-11,
252,11,1,1,SEN-BOG-00252,4.72805,-74.093987,2019-09-25,2020-03-24,
253,20,3,1,SEN-BOG-00253,4.197591,-74.342594,2018-01-26,2018-06-02,
254,9,2,1,SEN-BOG-00254,4.656269,-74.147668,2018-04-20,2018-07-15,
255,5,2,1,SEN-BOG-00255,4.484761,-74.135508,2019-06-22,,
256,20,1,3,SEN-BOG-00256,4.224479,-74.372523,2021-11-05,2022-01-05,
257,20,1,1,SEN-BOG-00257,4.203345,-74.370412,2021-12-04,,
258,20,1,1,SEN-BOG-00258,4.19805,-74.350615,2018-08-31,2018-11-26,
259,20,2,1,SEN-BOG-00259,4.223029,-74.354681,2019-08-03,2020-04-15,
260,4,3,1,SEN-BOG-00260,4.549109,-74.0833,2020-07-27,2021-05-20,
261,20,3,1,SEN-BOG-00261,4.213933,-74.365514,2018-01-27,2018-04-13,
262,20,2,1,SEN-BOG-00262,4.200834,-74.341122,2018-06-19,2019-04-07,
263,5,3,1,SEN-BOG-00263,4.482539,-74.139476,2021-03-07,,
264,19,3,1,SEN-BOG-00264,4.497081,-74.172631,2018-01-05,2018-10-07,
265,20,3,1,SEN-BOG-00265,4.227275,-74.372294,2019-05-10,2019-06-29,
266,20,4,3,SEN-BOG-00266,4.222007,-74.36408,2018-02-22,,
267,20,2,1,SEN-BOG-00267,4.193504,-74.35461,2019-12-19,,
268,20,1,1,SEN-BOG-00268,4.208161,-74.338062,2018-05-18,2019-01-13,
269,11,4,1,SEN-BOG-00269,4.752383,-74.063477,2021-04-05,2021-12-16,
270,8,2,1,SEN-BOG-00270,4.63977,-74.148807,2022-01-31,2022-09-07,
271,20,4,1,SEN-BOG-00271,4.221763,-74.360195,2021-08-02,2022-06-06,
272,20,3,1,SEN-BOG-00272,4.217837,-74.362905,2019-12-18,,
273,20,1,1,SEN-BOG-00273,4.222572,-74.372746,2019-07-31,,
274,20,3,1,SEN-BOG-00274,4.227229,-74.367913,2021-12-27,2022-11-24,
275,19,1,1,SEN-BOG-00275,4.501212,-74.171494,2018-11-18,2019-01-25,
276,19,3,1,SEN-BOG-00276,4.521296,-74.177636,2020-09-28,2021-01-26,
277,20,1,1,SEN-BOG-00277,4.20859,-74.36182,2020-08-03,2020-10-01,
278,20,1,1,SEN-BOG-00278,4.225094,-74.357837,2021-10-09,2022-06-10,
279,20,4,1,SEN-BOG-00279,4.198098,-74.348692,2018-12-15,2019-07-05,
280,20,1,1,SEN-BOG-00280,4.231512,-74.347933,2018-04-26,2018-09-22,
281,20,1,1,SEN-BOG-00281,4.221147,-74.355372,2021-08-20,2022-07-23,
282,10,1,1,SEN-BOG-00282,4.694051,-74.108066,2021-11-26,2022-03-03,
283,11,1,1,SEN-BOG-00283,4.75709,-74.06791,2019-05-12,2019-06-26,
284,4,1,1,SEN-BOG-00284,4.55447,-74.077788,2018-02-17,2018-11-28,
285,20,1,1,SEN-BOG-00285,4.219353,-74.366908,2019-09-27,,
286,1,3,1,SEN-BOG-00286,4.717828,-74.024421,2019-07-13,,
287,19,4,1,SEN-BOG-00287,4.516778,-74.176712,2021-01-25,2021-03-21,
288,20,4,1,SEN-BOG-00288,4.199593,-74.370177,2021-02-16,2021-07-27,
289,8,1,1,SEN-BOG-00289,4.634057,-74.178732,2020-12-04,2021-07-15,
290,20,4,1,SEN-BOG-00290,4.203863,-74.358084,2018-12-28,2019-08-24,
291,1,1,1,SEN-BOG-00291,4.695917,-74.032289,2018-09-01,2019-01-01,
292,1,2,1,SEN-BOG-00292,4.700362,-74.026288,2020-09-21,2020-12-08,
293,20,1,1,SEN-BOG-00293,4.193307,-74.368237,2020-11-11,2021-08-12,
294,11,1,2,SEN-BOG-00294,4.744882,-74.082493,2018-10-07,,
295,5,1,1,SEN-BOG-00295,4.482683,-74.149446,2019-08-06,,
296,20,2,2,SEN-BOG-00296,4.220017,-74.375206,2018-03-08,2018-07-23,
297,20,3,1,SEN-BOG-00297,4.222194,-74.34171,2021-04-17,2022-03-13,
298,5,3,1,SEN-BOG-00298,4.486737,-74.115839,2022-01-13,,
299,20,2,1,SEN-BOG-00299,4.203304,-74.374619,2018-10-27,2019-04-01,
300,3,2,1,SEN-BOG-00300,4.603031,-74.090148,2019-05-26,,
301,2,4,1,SEN-BOG-00301,4.62793,-74.065562,2022-03-23,2023-02-22,
302,20,2,1,SEN-BOG-00302,4.216746,-74.376595,2018-09-04,,
303,20,3,1,SEN-BOG-00303,4.199874,-74.351485,2021-06-14,2022-05-05,
304,20,2,1,SEN-BOG-00304,4.225801,-74.349205,2018-11-09,2019-07-09,
305,20,2,1,SEN-BOG-00305,4.225321,-74.368358,2018-11-26,2019-04-11,
306,20,1,1,SEN-BOG-00306,4.210197,-74.350081,2019-08-17,2020-06-29,
307,19,4,1,SEN-BOG-00307,4.521897,-74.145698,2021-07-11,2022-01-16,
308,10,3,1,SEN-BOG-00308,4.696847,-74.107957,2020-08-26,2021-02-27,
309,20,3,1,SEN-BOG-00309,4.210221,-74.371296,2019-04-21,2019-12-08,
310,7,1,1,SEN-BOG-00310,4.633833,-74.191524,2022-03-02,2023-01-19,
311,19,3,1,SEN-BOG-00311,4.522886,-74.158757,2018-05-18,2018-10-07,
312,3,1,1,SEN-BOG-00312,4.582146,-74.074415,2022-04-22,,
313,1,4,1,SEN-BOG-00313,4.685415,-74.042834,2018-03-02,,
314,20,1,1,SEN-BOG-00314,4.223249,-74.358659,2022-03-03,2022-08-03,
315,20,2,1,SEN-BOG-00315,4.205559,-74.341464,2021-07-02,,
316,20,1,3,SEN-BOG-00316,4.217275,-74.370937,2018-12-12,2019-06-24,
317,13,1,1,SEN-BOG-00317,4.650115,-74.08371,2021-07-28,2021-10-07,
318,5,1,1,SEN-BOG-00318,4.491073,-74.125639,2021-06-18,,
319,5,1,1,SEN-BOG-00319,4.496657,-74.131692,2018-12-10,2019-04-29,
320,5,3,1,SEN-BOG-00320,4.49067,-74.145708,2022-03-24,2022-09-21,
321,20,1,1,SEN-BOG-00321,4.217826,-74.368948,2020-09-17,2021-03-12,
322,20,2,1,SEN-BOG-00322,4.198295,-74.353279,2018-03-06,2018-08-31,
323,20,1,1,SEN-BOG-00323,4.222834,-74.355027,2020-12-25,,
324,8,2,1,SEN-BOG-00324,4.645784,-74.146036,2020-04-07,2020-11-05,
325,20,1,1,SEN-BOG-00325,4.208013,-74.365569,2021-06-02,2022-01-09,
326,20,3,3,SEN-BOG-00326,4.212693,-74.353909,2022-04-15,2022-11-05,
327,20,4,1,SEN-BOG-00327,4.223581,-74.354059,2018-10-22,,
328,20,1,1,SEN-BOG-00328,4.193127,-74.351392,2018-02-18,2019-02-07,
329,16,4,1,SEN-BOG-00329,4.621417,-74.103936,2021-03-13,2021-11-11,
330,5,1,1,SEN-BOG-00330,4.486908,-74.126299,2019-02-24,2019-08-24,
331,11,3,4,SEN-BOG-00331,4.751322,-74.081857,2018-09-11,2019-01-31,
332,20,1,1,SEN-BOG-00332,4.196592,-74.376907,2018-03-16,2018-05-21,
333,1,3,1,SEN-BOG-00333,4.68167,-74.013705,2021-10-22,2022-06-02,
334,4,3,1,SEN-BOG-00334,4.549066,-74.093607,2018-12-30,2019-04-13,
335,2,3,2,SEN-BOG-00335,4.638676,-74.075313,2018-11-30,,
336,2,3,1,SEN-BOG-00336,4.628761,-74.044995,2022-01-25,2022-07-17,
337,20,3,1,SEN-BOG-00337,4.21213,-74.371192,2021-02-13,2021-10-15,
338,20,4,1,SEN-BOG-00338,4.230169,-74.360796,2018-02-28,2018-11-17,
339,19,1,1,SEN-BOG-00339,4.497771,-74.178653,2018-12-09,,
340,4,2,1,SEN-BOG-00340,4.580436,-74.089448,2018-06-17,2018-12-11,
341,19,3,1,SEN-BOG-00341,4.516305,-74.170323,2021-05-24,,
342,19,4,1,SEN-BOG-00342,4.511532,-74.175202,2019-09-04,2020-07-19,
343,5,1,1,SEN-BOG-00343,4.463353,-74.128818,2018-02-02,,
344,18,3,1,SEN-BOG-00344,4.547562,-74.101679,2021-12-09,,
345,12,1,1,SEN-BOG-00345,4.678574,-74.090847,2019-04-12,2019-09-09,
346,20,3,1,SEN-BOG-00346,4.207409,-74.366184,2020-11-01,2021-10-03,
347,20,1,3,SEN-BOG-00347,4.210353,-74.340602,2018-07-22,,
348,2,4,1,SEN-BOG-00348,4.626415,-74.057168,2019-11-28,,
349,11,3,3,SEN-BOG-00349,4.728678,-74.074478,2021-01-29,2021-12-05,
350,20,3,1,SEN-BOG-00350,4.204922,-74.372785,2020-04-17,,
351,19,3,1,SEN-BOG-00351,4.508943,-74.164595,2018-05-08,,
352,20,1,1,SEN-BOG-00352,4.207748,-74.362207,2021-12-08,2022-04-16,
353,20,3,1,SEN-BOG-00353,4.227014,-74.36852,2019-11-27,2020-04-04,
354,5,1,1,SEN-BOG-00354,4.485113,-74.12969,2018-12-27,,
355,3,1,1,SEN-BOG-00355,4.606008,-74.054855,2020-04-05,,
356,20,1,1,SEN-BOG-00356,4.228609,-74.365504,2022-03-10,2022-05-31,
357,1,1,1,SEN-BOG-00357,4.692147,-74.01777,2020-02-19,2020-08-29,
358,20,2,1,SEN-BOG-00358,4.212715,-74.360828,2018-03-29,2018-12-11,
359,20,3,1,SEN-BOG-00359,4.194666,-74.361094,2020-05-13,2020-09-23,
360,20,2,1,SEN-BOG-00360,4.198261,-74.342715,2022-01-12,2022-07-22,
361,11,1,1,SEN-BOG-00361,4.72927,-74.08558,2022-05-12,2023-02-09,
362,20,2,1,SEN-BOG-00362,4.218674,-74.354174,2019-11-06,2020-03-25,
363,19,3,1,SEN-BOG-00363,4.516023,-74.158121,2018-04-30,2018-12-29,
364,20,3,2,SEN-BOG-00364,4.199093,-74.341022,2019-02-02,2019-05-21,
365,20,2,4,SEN-BOG-00365,4.195389,-74.350134,2020-10-13,2021-02-15,
366,11,2,1,SEN-BOG-00366,4.748038,-74.077216,2018-04-05,,
367,20,2,1,SEN-BOG-00367,4.200833,-74.371368,2018-11-19,,
368,20,4,1,SEN-BOG-00368,4.232266,-74.355909,2021-03-02,2021-09-22,
369,5,2,1,SEN-BOG-00369,4.494699,-74.14238,2021-03-04,2022-01-09,
370,3,2,1,SEN-BOG-00370,4.582416,-74.093525,2018-02-27,2018-11-09,
371,4,3,1,SEN-BOG-00371,4.554566,-74.089547,2018-11-26,2019-07-23,
372,1,2,1,SEN-BOG-00372,4.703317,-74.043977,2018-04-16,2019-01-05,
373,4,4,1,SEN-BOG-00373,4.571864,-74.104091,2020-02-24,,
374,20,4,4,SEN-BOG-00374,4.231425,-74.369123,2019-06-18,2020-06-13,
375,3,2,1,SEN-BOG-00375,4.586906,-74.076359,2020-02-01,,
376,9,3,1,SEN-BOG-00376,4.653568,-74.132824,2018-12-17,2019-09-17,
377,20,1,1,SEN-BOG-00377,4.231116,-74.338318,2021-03-15,2021-07-16,
378,1,1,1,SEN-BOG-00378,4.707068,-74.024525,2022-04-04,2022-09-17,
379,20,1,1,SEN-BOG-00379,4.226416,-74.345623,2019-01-04,2019-09-06,
380,8,2,1,SEN-BOG-00380,4.639323,-74.176884,2020-05-07,2020-10-24,
381,4,1,4,SEN-BOG-00381,4.544908,-74.073516,2021-01-06,2021-07-14,
382,20,2,1,SEN-BOG-00382,4.213509,-74.357738,2018-01-18,2018-06-09,
383,20,2,4,SEN-BOG-00383,4.210775,-74.365978,2020-02-26,2020-06-25,
384,20,4,1,SEN-BOG-00384,4.209624,-74.343109,2018-08-08,,
385,20,1,1,SEN-BOG-00385,4.213238,-74.368166,2018-08-11,,
386,20,2,1,SEN-BOG-00386,4.220182,-74.368004,2020-04-03,2020-08-09,
387,8,1,1,SEN-BOG-00387,4.620054,-74.150414,2021-08-13,2022-01-22,
388,5,2,1,SEN-BOG-00388,4.474778,-74.122785,2020-10-16,,
389,20,2,1,SEN-BOG-00389,4.203212,-74.365172,2018-05-10,,
390,20,2,1,SEN-BOG-00390,4.19576,-74.339369,2018-12-10,2019-07-16,
391,20,1,1,SEN-BOG-00391,4.22207,-74.346044,2021-09-19,2022-04-17,
392,14,1,1,SEN-BOG-00392,4.600299,-74.088991,2020-08-24,,
393,11,1,3,SEN-BOG-00393,4.738663,-74.0821,2021-06-10,,
394,20,3,1,SEN-BOG-00394,4.193404,-74.359501,2020-03-14,,
395,10,3,1,SEN-BOG-00395,4.708522,-74.102324,2021-09-03,2021-10-27,
396,20,1,1,SEN-BOG-00396,4.203113,-74.366142,2019-07-31,2019-10-07,
397,20,2,1,SEN-BOG-00397,4.20182,-74.346501,2021-10-07,,
398,17,1,1,SEN-BOG-00398,4.59878,-74.065627,2021-01-31,,
399,20,1,2,SEN-BOG-00399,4.218137,-74.357725,2019-05-28,2019-10-06,
400,20,1,3,SEN-BOG-00400,4.224229,-74.34866,2020-01-23,2020-06-04,
401,4,3,1,SEN-BOG-00401,4.552098,-74.105642,2018-09-03,2019-02-05,
402,20,1,1,SEN-BOG-00402,4.206784,-74.375766,2020-12-01,2021-11-03,
403,19,3,1,SEN-BOG-00403,4.495293,-74.175245,2022-03-19,2022-06-21,
404,20,2,1,SEN-BOG-00404,4.205479,-74.3577,2018-06-21,2018-09-01,
405,9,3,3,SEN-BOG-00405,4.68656,-74.165543,2020-08-04,,
406,20,3,1,SEN-BOG-00406,4.215359,-74.356956,2019-04-01,,
407,11,3,1,SEN-BOG-00407,4.742192,-74.074262,2018-05-21,2018-09-07,
408,1,1,1,SEN-BOG-00408,4.686712,-74.016577,2019-04-18,2019-06-08,
409,20,1,1,SEN-BOG-00409,4.219908,-74.345133,2021-04-11,2021-08-01,
410,3,1,1,SEN-BOG-00410,4.601644,-74.083939,2019-09-04,,
411,9,2,1,SEN-BOG-00411,4.665271,-74.151882,2020-12-14,2021-03-22,
412,20,1,1,SEN-BOG-00412,4.195734,-74.34565,2022-06-17,2022-09-01,
413,20,3,1,SEN-BOG-00413,4.208258,-74.337718,2021-12-03,,
414,20,1,1,SEN-BOG-00414,4.209733,-74.346962,2021-08-02,2021-10-27,
415,20,4,1,SEN-BOG-00415,4.193459,-74.358995,2018-02-23,,
416,19,3,1,SEN-BOG-00416,4.505144,-74.150485,2019-02-24,,
417,8,3,1,SEN-BOG-00417,4.631219,-74.163328,2020-11-27,2021-05-29,
418,10,1,2,SEN-BOG-00418,4.706145,-74.128921,2020-12-30,,
419,20,2,1,SEN-BOG-00419,4.216962,-74.352054,2020-04-25,2020-10-05,
420,20,3,1,SEN-BOG-00420,4.203036,-74.349959,2020-06-21,2020-09-17,
421,20,4,1,SEN-BOG-00421,4.216907,-74.342356,2021-10-13,2022-09-22,
422,20,1,1,SEN-BOG-00422,4.222461,-74.34168,2020-11-03,2021-09-12,
423,3,4,1,SEN-BOG-00423,4.601623,-74.078414,2022-04-14,2022-07-25,
424,19,3,3,SEN-BOG-00424,4.522592,-74.172458,2020-09-17,2021-07-26,
425,2,3,1,SEN-BOG-00425,4.642066,-74.076048,2021-07-04,,
426,20,1,1,SEN-BOG-00426,4.210376,-74.348062,2022-05-24,2022-12-09,
427,19,3,1,SEN-BOG-00427,4.517035,-74.171839,2019-05-28,2019-08-12,
428,20,1,1,SEN-BOG-00428,4.19418,-74.362761,2020-04-25,,
429,11,2,1,SEN-BOG-00429,4.740358,-74.073691,2021-08-02,2022-01-16,
430,4,2,1,SEN-BOG-00430,4.580289,-74.09424,2021-02-17,,
431,5,3,1,SEN-BOG-00431,4.482671,-74.124285,2020-08-14,2021-04-09,
432,20,2,1,SEN-BOG-00432,4.229831,-74.353622,2020-05-01,2020-07-06,
433,20,2,1,SEN-BOG-00433,4.219659,-74.345505,2021-07-08,2022-03-24,
434,4,2,2,SEN-BOG-00434,4.561994,-74.091869,2022-04-05,2022-07-06,
435,3,1,1,SEN-BOG-00435,4.588219,-74.076082,2021-10-23,2022-09-27,
436,20,1,1,SEN-BOG-00436,4.194132,-74.368599,2019-12-15,2020-04-24,
437,3,1,1,SEN-BOG-00437,4.582904,-74.08742,2022-06-15,2022-10-31,
438,20,3,1,SEN-BOG-00438,4.22606,-74.359152,2022-02-16,,
439,20,1,1,SEN-BOG-00439,4.2136,-74.355578,2022-05-15,2023-02-05,
440,3,4,1,SEN-BOG-00440,4.588836,-74.057287,2019-03-23,2020-02-10,
441,3,4,1,SEN-BOG-00441,4.585795,-74.081095,2022-03-19,2022-09-14,
442,20,3,1,SEN-BOG-00442,4.213864,-74.345221,2021-05-18,2022-01-16,
443,11,2,1,SEN-BOG-00443,4.733838,-74.084632,2018-09-09,,
444,11,1,1,SEN-BOG-00444,4.726702,-74.096389,2020-09-28,2021-01-29,
445,20,1,1,SEN-BOG-00445,4.199455,-74.373658,2019-12-11,2020-05-10,
446,20,1,1,SEN-BOG-00446,4.207171,-74.372786,2018-03-25,2018-10-07,
447,20,1,1,SEN-BOG-00447,4.195309,-74.361359,2021-05-20,2021-11-02,
448,20,2,1,SEN-BOG-00448,4.209631,-74.359842,2022-01-12,2022-07-01,
449,11,2,1,SEN-BOG-00449,4.756821,-74.077743,2018-07-10,2019-06-21,
450,3,3,1,SEN-BOG-00450,4.590012,-74.088125,2018-10-26,2018-12-01,
451,20,3,1,SEN-BOG-00451,4.223919,-74.338942,2022-01-16,,
452,20,2,1,SEN-BOG-00452,4.21197,-74.354573,2018-09-01,2019-08-06,
453,16,3,1,SEN-BOG-00453,4.629938,-74.107574,2021-08-04,,
454,20,2,1,SEN-BOG-00454,4.198095,-74.36558,2020-09-15,2021-07-12,
455,4,1,1,SEN-BOG-00455,4.563542,-74.106543,2021-04-27,,
456,19,2,1,SEN-BOG-00456,4.497318,-74.178321,2021-09-17,2022-02-09,
457,1,1,1,SEN-BOG-00457,4.707376,-74.048225,2021-08-05,,
458,19,2,1,SEN-BOG-00458,4.526702,-74.178286,2021-12-12,2022-03-10,
459,2,1,1,SEN-BOG-00459,4.652988,-74.064774,2018-05-25,2019-02-13,
460,4,1,1,SEN-BOG-00460,4.578145,-74.075878,2018-05-22,2019-01-13,
461,4,2,1,SEN-BOG-00461,4.546836,-74.08633,2018-09-13,2019-08-03,
462,20,1,1,SEN-BOG-00462,4.220099,-74.34666,2022-05-23,2022-08-31,
463,20,1,1,SEN-BOG-00463,4.219499,-74.363121,2018-08-12,2019-06-14,
464,20,2,1,SEN-BOG-00464,4.219165,-74.341435,2019-12-11,2020-10-04,
465,20,2,1,SEN-BOG-00465,4.221511,-74.361552,2019-01-22,,
466,11,2,1,SEN-BOG-00466,4.738994,-74.066686,2020-11-20,2021-06-15,
467,8,3,1,SEN-BOG-00467,4.622312,-74.151127,2021-06-17,2022-03-12,
468,20,1,1,SEN-BOG-00468,4.21847,-74.347071,2022-01-31,2022-06-19,
469,5,1,1,SEN-BOG-00469,4.466749,-74.130188,2019-11-04,2020-09-07,
470,20,3,1,SEN-BOG-00470,4.232332,-74.345532,2022-01-26,2022-11-08,
471,1,2,1,SEN-BOG-00471,4.700003,-74.040629,2018-02-02,2018-07-01,
472,20,2,1,SEN-BOG-00472,4.227325,-74.345649,2018-04-30,2018-09-10,
473,2,3,1,SEN-BOG-00473,4.651394,-74.07598,2020-01-25,,
474,20,1,1,SEN-BOG-00474,4.196797,-74.337044,2021-03-13,2021-09-21,
475,20,1,3,SEN-BOG-00475,4.215846,-74.364839,2021-04-03,2022-03-02,
476,20,1,1,SEN-BOG-00476,4.205488,-74.37637,2018-07-10,2019-02-07,
477,3,2,1,SEN-BOG-00477,4.610009,-74.069058,2019-05-14,2019-07-07,
478,20,3,1,SEN-BOG-00478,4.195773,-74.351467,2020-12-10,2021-10-11,
479,20,1,1,SEN-BOG-00479,4.215779,-74.342264,2021-01-12,2021-12-22,
480,20,2,1,SEN-BOG-00480,4.211771,-74.359278,2022-01-17,2022-03-01,
481,20,3,1,SEN-BOG-00481,4.195134,-74.358809,2020-01-30,2020-12-01,
482,20,2,3,SEN-BOG-00482,4.218266,-74.374824,2019-03-18,,
483,19,2,1,SEN-BOG-00483,4.495248,-74.154562,2021-05-26,2022-01-19,
484,20,1,1,SEN-BOG-00484,4.226495,-74.370211,2021-06-26,,
485,20,3,1,SEN-BOG-00485,4.211143,-74.358805,2019-04-13,2019-08-14,
486,20,3,1,SEN-BOG-00486,4.228265,-74.35362,2018-07-05,2019-05-29,
487,2,2,1,SEN-BOG-00487,4.626803,-74.078483,2020-10-04,2021-03-26,
488,8,2,3,SEN-BOG-00488,4.634627,-74.160129,2019-11-27,,
489,20,3,4,SEN-BOG-00489,4.222497,-74.365539,2021-12-06,,
490,20,2,2,SEN-BOG-00490,4.220648,-74.352878,2020-02-02,,
491,19,4,1,SEN-BOG-00491,4.502411,-74.177319,2019-07-14,2019-08-23,
492,20,1,1,SEN-BOG-00492,4.224576,-74.360351,2022-05-17,,
493,8,1,3,SEN-BOG-00493,4.611039,-74.1773,2020-11-29,2021-02-22,
494,5,2,1,SEN-BOG-00494,4.464223,-74.145709,2020-12-15,,
495,19,3,1,SEN-BOG-00495,4.499259,-74.165787,2022-03-27,,
496,11,1,3,SEN-BOG-00496,4.75793,-74.071928,2018-09-05,,
497,20,2,1,SEN-BOG-00497,4.212382,-74.364903,2021-04-09,2022-01-29,
498,3,2,1,SEN-BOG-00498,4.596744,-74.088076,2018-06-27,2018-09-29,
499,20,3,1,SEN-BOG-00499,4.211383,-74.364741,2022-01-03,2022-11-06,
500,20,3,1,SEN-BOG-00500,4.222,-74.354028,2018-08-13,,
